Well Position,Name,Sequence
A1,01-TACCTTGA-F,AATGATACGGCGACCACCGAGATCTACACTACCTTGAACACTCTTTCCCTACACGACGCTCTTCCGATCT
B1,02-AACGTGAA-F,AATGATACGGCGACCACCGAGATCTACACAACGTGAAACACTCTTTCCCTACACGACGCTCTTCCGATCT
C1,03-GACGTTCG-F,AATGATACGGCGACCACCGAGATCTACACGACGTTCGACACTCTTTCCCTACACGACGCTCTTCCGATCT
D1,04-TCTCTAGG-F,AATGATACGGCGACCACCGAGATCTACACTCTCTAGGACACTCTTTCCCTACACGACGCTCTTCCGATCT
E1,05-TACTGCAA-F,AATGATACGGCGACCACCGAGATCTACACTACTGCAAACACTCTTTCCCTACACGACGCTCTTCCGATCT
F1,06-TTGCAGGA-F,AATGATACGGCGACCACCGAGATCTACACTTGCAGGAACACTCTTTCCCTACACGACGCTCTTCCGATCT
G1,07-AGCTGGAT-F,AATGATACGGCGACCACCGAGATCTACACAGCTGGATACACTCTTTCCCTACACGACGCTCTTCCGATCT
H1,08-ACCAAGGA-F,AATGATACGGCGACCACCGAGATCTACACACCAAGGAACACTCTTTCCCTACACGACGCTCTTCCGATCT
A2,09-TTCCTACC-F,AATGATACGGCGACCACCGAGATCTACACTTCCTACCACACTCTTTCCCTACACGACGCTCTTCCGATCT
B2,10-ACCTACTT-F,AATGATACGGCGACCACCGAGATCTACACACCTACTTACACTCTTTCCCTACACGACGCTCTTCCGATCT
C2,11-TGACCTAC-F,AATGATACGGCGACCACCGAGATCTACACTGACCTACACACTCTTTCCCTACACGACGCTCTTCCGATCT
D2,12-GACTGTGT-F,AATGATACGGCGACCACCGAGATCTACACGACTGTGTACACTCTTTCCCTACACGACGCTCTTCCGATCT
E2,13-ACACCTGG-F,AATGATACGGCGACCACCGAGATCTACACACACCTGGACACTCTTTCCCTACACGACGCTCTTCCGATCT
F2,14-AGACACGT-F,AATGATACGGCGACCACCGAGATCTACACAGACACGTACACTCTTTCCCTACACGACGCTCTTCCGATCT
G2,15-TGGTACCT-F,AATGATACGGCGACCACCGAGATCTACACTGGTACCTACACTCTTTCCCTACACGACGCTCTTCCGATCT
H2,16-TTGGACAC-F,AATGATACGGCGACCACCGAGATCTACACTTGGACACACACTCTTTCCCTACACGACGCTCTTCCGATCT
A3,17-TCTCCTCA-F,AATGATACGGCGACCACCGAGATCTACACTCTCCTCAACACTCTTTCCCTACACGACGCTCTTCCGATCT
B3,18-TAGGAAGT-F,AATGATACGGCGACCACCGAGATCTACACTAGGAAGTACACTCTTTCCCTACACGACGCTCTTCCGATCT
C3,19-GAGAGCAT-F,AATGATACGGCGACCACCGAGATCTACACGAGAGCATACACTCTTTCCCTACACGACGCTCTTCCGATCT
D3,20-TTGACGTG-F,AATGATACGGCGACCACCGAGATCTACACTTGACGTGACACTCTTTCCCTACACGACGCTCTTCCGATCT
E3,21-AGATCCTC-F,AATGATACGGCGACCACCGAGATCTACACAGATCCTCACACTCTTTCCCTACACGACGCTCTTCCGATCT
F3,22-AACAACAC-F,AATGATACGGCGACCACCGAGATCTACACAACAACACACACTCTTTCCCTACACGACGCTCTTCCGATCT
G3,23-TCAGATGA-F,AATGATACGGCGACCACCGAGATCTACACTCAGATGAACACTCTTTCCCTACACGACGCTCTTCCGATCT
H3,24-TACAGTCC-F,AATGATACGGCGACCACCGAGATCTACACTACAGTCCACACTCTTTCCCTACACGACGCTCTTCCGATCT
A4,25-ACTGATCT-F,AATGATACGGCGACCACCGAGATCTACACACTGATCTACACTCTTTCCCTACACGACGCTCTTCCGATCT
B4,26-AGTCTCAC-F,AATGATACGGCGACCACCGAGATCTACACAGTCTCACACACTCTTTCCCTACACGACGCTCTTCCGATCT
C4,27-GAACCAGT-F,AATGATACGGCGACCACCGAGATCTACACGAACCAGTACACTCTTTCCCTACACGACGCTCTTCCGATCT
D4,28-ACACAACA-F,AATGATACGGCGACCACCGAGATCTACACACACAACAACACTCTTTCCCTACACGACGCTCTTCCGATCT
E4,29-ACTCGATC-F,AATGATACGGCGACCACCGAGATCTACACACTCGATCACACTCTTTCCCTACACGACGCTCTTCCGATCT
F4,30-TGAAGACA-F,AATGATACGGCGACCACCGAGATCTACACTGAAGACAACACTCTTTCCCTACACGACGCTCTTCCGATCT
G4,31-ACGAGACG-F,AATGATACGGCGACCACCGAGATCTACACACGAGACGACACTCTTTCCCTACACGACGCTCTTCCGATCT
H4,32-TCAAGGAG-F,AATGATACGGCGACCACCGAGATCTACACTCAAGGAGACACTCTTTCCCTACACGACGCTCTTCCGATCT
A5,33-AGCAGAGC-F,AATGATACGGCGACCACCGAGATCTACACAGCAGAGCACACTCTTTCCCTACACGACGCTCTTCCGATCT
B5,34-TGAGTCAA-F,AATGATACGGCGACCACCGAGATCTACACTGAGTCAAACACTCTTTCCCTACACGACGCTCTTCCGATCT
C5,35-AAGCACTA-F,AATGATACGGCGACCACCGAGATCTACACAAGCACTAACACTCTTTCCCTACACGACGCTCTTCCGATCT
D5,36-AGGATGTC-F,AATGATACGGCGACCACCGAGATCTACACAGGATGTCACACTCTTTCCCTACACGACGCTCTTCCGATCT
E5,37-ATGAGGAA-F,AATGATACGGCGACCACCGAGATCTACACATGAGGAAACACTCTTTCCCTACACGACGCTCTTCCGATCT
F5,38-AGGTGTTG-F,AATGATACGGCGACCACCGAGATCTACACAGGTGTTGACACTCTTTCCCTACACGACGCTCTTCCGATCT
G5,39-GAAGACTT-F,AATGATACGGCGACCACCGAGATCTACACGAAGACTTACACTCTTTCCCTACACGACGCTCTTCCGATCT
H5,40-TAGTCAAC-F,AATGATACGGCGACCACCGAGATCTACACTAGTCAACACACTCTTTCCCTACACGACGCTCTTCCGATCT
A6,41-AAGTGAGA-F,AATGATACGGCGACCACCGAGATCTACACAAGTGAGAACACTCTTTCCCTACACGACGCTCTTCCGATCT
B6,42-AACTCTAG-F,AATGATACGGCGACCACCGAGATCTACACAACTCTAGACACTCTTTCCCTACACGACGCTCTTCCGATCT
C6,43-TCCATGCT-F,AATGATACGGCGACCACCGAGATCTACACTCCATGCTACACTCTTTCCCTACACGACGCTCTTCCGATCT
D6,44-TGACTGTG-F,AATGATACGGCGACCACCGAGATCTACACTGACTGTGACACTCTTTCCCTACACGACGCTCTTCCGATCT
E6,45-GAAGGAAC-F,AATGATACGGCGACCACCGAGATCTACACGAAGGAACACACTCTTTCCCTACACGACGCTCTTCCGATCT
F6,46-TCACACTC-F,AATGATACGGCGACCACCGAGATCTACACTCACACTCACACTCTTTCCCTACACGACGCTCTTCCGATCT
G6,47-AGAGTTGC-F,AATGATACGGCGACCACCGAGATCTACACAGAGTTGCACACTCTTTCCCTACACGACGCTCTTCCGATCT
H6,48-AGTCCAGA-F,AATGATACGGCGACCACCGAGATCTACACAGTCCAGAACACTCTTTCCCTACACGACGCTCTTCCGATCT
A7,49-AGACGAAG-F,AATGATACGGCGACCACCGAGATCTACACAGACGAAGACACTCTTTCCCTACACGACGCTCTTCCGATCT
B7,50-TTCGTCGT-F,AATGATACGGCGACCACCGAGATCTACACTTCGTCGTACACTCTTTCCCTACACGACGCTCTTCCGATCT
C7,51-AACACACA-F,AATGATACGGCGACCACCGAGATCTACACAACACACAACACTCTTTCCCTACACGACGCTCTTCCGATCT
D7,52-ACATGTCC-F,AATGATACGGCGACCACCGAGATCTACACACATGTCCACACTCTTTCCCTACACGACGCTCTTCCGATCT
E7,53-TACTTGTC-F,AATGATACGGCGACCACCGAGATCTACACTACTTGTCACACTCTTTCCCTACACGACGCTCTTCCGATCT
F7,54-ACACTGAT-F,AATGATACGGCGACCACCGAGATCTACACACACTGATACACTCTTTCCCTACACGACGCTCTTCCGATCT
G7,55-TAGATCCA-F,AATGATACGGCGACCACCGAGATCTACACTAGATCCAACACTCTTTCCCTACACGACGCTCTTCCGATCT
H7,56-TGTGCTGG-F,AATGATACGGCGACCACCGAGATCTACACTGTGCTGGACACTCTTTCCCTACACGACGCTCTTCCGATCT
A8,57-ACAACAAC-F,AATGATACGGCGACCACCGAGATCTACACACAACAACACACTCTTTCCCTACACGACGCTCTTCCGATCT
B8,58-TACCAGAT-F,AATGATACGGCGACCACCGAGATCTACACTACCAGATACACTCTTTCCCTACACGACGCTCTTCCGATCT
C8,59-AGAACTCT-F,AATGATACGGCGACCACCGAGATCTACACAGAACTCTACACTCTTTCCCTACACGACGCTCTTCCGATCT
D8,60-AAGGTACC-F,AATGATACGGCGACCACCGAGATCTACACAAGGTACCACACTCTTTCCCTACACGACGCTCTTCCGATCT
E8,61-TGCACGAA-F,AATGATACGGCGACCACCGAGATCTACACTGCACGAAACACTCTTTCCCTACACGACGCTCTTCCGATCT
F8,62-TCTAGTGT-F,AATGATACGGCGACCACCGAGATCTACACTCTAGTGTACACTCTTTCCCTACACGACGCTCTTCCGATCT
G8,63-ACTTCCAA-F,AATGATACGGCGACCACCGAGATCTACACACTTCCAAACACTCTTTCCCTACACGACGCTCTTCCGATCT
H8,64-ATCGACCA-F,AATGATACGGCGACCACCGAGATCTACACATCGACCAACACTCTTTCCCTACACGACGCTCTTCCGATCT
A9,65-ACGTAGAC-F,AATGATACGGCGACCACCGAGATCTACACACGTAGACACACTCTTTCCCTACACGACGCTCTTCCGATCT
B9,66-TCCTGATG-F,AATGATACGGCGACCACCGAGATCTACACTCCTGATGACACTCTTTCCCTACACGACGCTCTTCCGATCT
C9,67-AAGAAGCT-F,AATGATACGGCGACCACCGAGATCTACACAAGAAGCTACACTCTTTCCCTACACGACGCTCTTCCGATCT
D9,68-TCATCGTA-F,AATGATACGGCGACCACCGAGATCTACACTCATCGTAACACTCTTTCCCTACACGACGCTCTTCCGATCT
E9,69-TCGTTCAG-F,AATGATACGGCGACCACCGAGATCTACACTCGTTCAGACACTCTTTCCCTACACGACGCTCTTCCGATCT
F9,70-ATCCAGTC-F,AATGATACGGCGACCACCGAGATCTACACATCCAGTCACACTCTTTCCCTACACGACGCTCTTCCGATCT
G9,71-GAACTCAG-F,AATGATACGGCGACCACCGAGATCTACACGAACTCAGACACTCTTTCCCTACACGACGCTCTTCCGATCT
H9,72-TCCTCTGC-F,AATGATACGGCGACCACCGAGATCTACACTCCTCTGCACACTCTTTCCCTACACGACGCTCTTCCGATCT
A10,73-AGAGAGTA-F,AATGATACGGCGACCACCGAGATCTACACAGAGAGTAACACTCTTTCCCTACACGACGCTCTTCCGATCT
B10,74-TCAGCACG-F,AATGATACGGCGACCACCGAGATCTACACTCAGCACGACACTCTTTCCCTACACGACGCTCTTCCGATCT
C10,75-AACCAAGG-F,AATGATACGGCGACCACCGAGATCTACACAACCAAGGACACTCTTTCCCTACACGACGCTCTTCCGATCT
D10,76-ATGCATCG-F,AATGATACGGCGACCACCGAGATCTACACATGCATCGACACTCTTTCCCTACACGACGCTCTTCCGATCT
E10,77-ACAGACAG-F,AATGATACGGCGACCACCGAGATCTACACACAGACAGACACTCTTTCCCTACACGACGCTCTTCCGATCT
F10,78-TGTGTACT-F,AATGATACGGCGACCACCGAGATCTACACTGTGTACTACACTCTTTCCCTACACGACGCTCTTCCGATCT
G10,79-ACGATCGT-F,AATGATACGGCGACCACCGAGATCTACACACGATCGTACACTCTTTCCCTACACGACGCTCTTCCGATCT
H10,80-ACTACGTT-F,AATGATACGGCGACCACCGAGATCTACACACTACGTTACACTCTTTCCCTACACGACGCTCTTCCGATCT
A11,81-ACAGGAGT-F,AATGATACGGCGACCACCGAGATCTACACACAGGAGTACACTCTTTCCCTACACGACGCTCTTCCGATCT
B11,82-GACTAGCA-F,AATGATACGGCGACCACCGAGATCTACACGACTAGCAACACTCTTTCCCTACACGACGCTCTTCCGATCT
C11,83-TACACCTT-F,AATGATACGGCGACCACCGAGATCTACACTACACCTTACACTCTTTCCCTACACGACGCTCTTCCGATCT
D11,84-AAGACTGC-F,AATGATACGGCGACCACCGAGATCTACACAAGACTGCACACTCTTTCCCTACACGACGCTCTTCCGATCT
E11,85-ACAAGCTA-F,AATGATACGGCGACCACCGAGATCTACACACAAGCTAACACTCTTTCCCTACACGACGCTCTTCCGATCT
F11,86-ATGGTCTG-F,AATGATACGGCGACCACCGAGATCTACACATGGTCTGACACTCTTTCCCTACACGACGCTCTTCCGATCT
G11,87-ATCTCAGT-F,AATGATACGGCGACCACCGAGATCTACACATCTCAGTACACTCTTTCCCTACACGACGCTCTTCCGATCT
H11,88-TTGTGTCA-F,AATGATACGGCGACCACCGAGATCTACACTTGTGTCAACACTCTTTCCCTACACGACGCTCTTCCGATCT
A12,89-TCTGAGTG-F,AATGATACGGCGACCACCGAGATCTACACTCTGAGTGACACTCTTTCCCTACACGACGCTCTTCCGATCT
B12,90-TGTACATC-F,AATGATACGGCGACCACCGAGATCTACACTGTACATCACACTCTTTCCCTACACGACGCTCTTCCGATCT
C12,91-TCGACAGA-F,AATGATACGGCGACCACCGAGATCTACACTCGACAGAACACTCTTTCCCTACACGACGCTCTTCCGATCT
D12,92-AACCTCCT-F,AATGATACGGCGACCACCGAGATCTACACAACCTCCTACACTCTTTCCCTACACGACGCTCTTCCGATCT
E12,93-AGCTTCGA-F,AATGATACGGCGACCACCGAGATCTACACAGCTTCGAACACTCTTTCCCTACACGACGCTCTTCCGATCT
F12,94-AACAGGTG-F,AATGATACGGCGACCACCGAGATCTACACAACAGGTGACACTCTTTCCCTACACGACGCTCTTCCGATCT
G12,95-AGGACCAG-F,AATGATACGGCGACCACCGAGATCTACACAGGACCAGACACTCTTTCCCTACACGACGCTCTTCCGATCT
H12,96-GAACATCC-F,AATGATACGGCGACCACCGAGATCTACACGAACATCCACACTCTTTCCCTACACGACGCTCTTCCGATCT
