Well Position,Name,Sequence
A1,R28417-GCATCAGAGTCA,CAAGCAGAAGACGGCATACGAGATGCATCAGAGTCAGTGACTGGAGTTCAGACGTGTGCTCTTCCGATCT
A2,R28418-CACAGATCGTCA,CAAGCAGAAGACGGCATACGAGATCACAGATCGTCAGTGACTGGAGTTCAGACGTGTGCTCTTCCGATCT
A3,R28419-GTGATCCTTGTG,CAAGCAGAAGACGGCATACGAGATGTGATCCTTGTGGTGACTGGAGTTCAGACGTGTGCTCTTCCGATCT
A4,R28420-AGCTGGTGAACA,CAAGCAGAAGACGGCATACGAGATAGCTGGTGAACAGTGACTGGAGTTCAGACGTGTGCTCTTCCGATCT
A5,R28421-GTGAGGATCTCA,CAAGCAGAAGACGGCATACGAGATGTGAGGATCTCAGTGACTGGAGTTCAGACGTGTGCTCTTCCGATCT
A6,R28422-GAAGCATCTTGG,CAAGCAGAAGACGGCATACGAGATGAAGCATCTTGGGTGACTGGAGTTCAGACGTGTGCTCTTCCGATCT
A7,R28423-CTCTTGATGACA,CAAGCAGAAGACGGCATACGAGATCTCTTGATGACAGTGACTGGAGTTCAGACGTGTGCTCTTCCGATCT
A8,R28424-GTACACCTAGAC,CAAGCAGAAGACGGCATACGAGATGTACACCTAGACGTGACTGGAGTTCAGACGTGTGCTCTTCCGATCT
A9,R28425-ACATCCTTGGTA,CAAGCAGAAGACGGCATACGAGATACATCCTTGGTAGTGACTGGAGTTCAGACGTGTGCTCTTCCGATCT
A10,R28426-ACAACACTCACT,CAAGCAGAAGACGGCATACGAGATACAACACTCACTGTGACTGGAGTTCAGACGTGTGCTCTTCCGATCT
A11,R28427-ACTCTGAGTCAT,CAAGCAGAAGACGGCATACGAGATACTCTGAGTCATGTGACTGGAGTTCAGACGTGTGCTCTTCCGATCT
A12,R28428-TGTCTTCTCCTC,CAAGCAGAAGACGGCATACGAGATTGTCTTCTCCTCGTGACTGGAGTTCAGACGTGTGCTCTTCCGATCT
A13,R28429-CACATGACTGCT,CAAGCAGAAGACGGCATACGAGATCACATGACTGCTGTGACTGGAGTTCAGACGTGTGCTCTTCCGATCT
A14,R28430-GCTGTGTCAGTA,CAAGCAGAAGACGGCATACGAGATGCTGTGTCAGTAGTGACTGGAGTTCAGACGTGTGCTCTTCCGATCT
A15,R28431-TTCCTAGAGCTA,CAAGCAGAAGACGGCATACGAGATTTCCTAGAGCTAGTGACTGGAGTTCAGACGTGTGCTCTTCCGATCT
A16,R28432-ACAGCAACTTGC,CAAGCAGAAGACGGCATACGAGATACAGCAACTTGCGTGACTGGAGTTCAGACGTGTGCTCTTCCGATCT
A17,R28433-ATCACTAGGTAG,CAAGCAGAAGACGGCATACGAGATATCACTAGGTAGGTGACTGGAGTTCAGACGTGTGCTCTTCCGATCT
A18,R28434-GTACACCACACT,CAAGCAGAAGACGGCATACGAGATGTACACCACACTGTGACTGGAGTTCAGACGTGTGCTCTTCCGATCT
A19,R28435-AACAGAAGACTG,CAAGCAGAAGACGGCATACGAGATAACAGAAGACTGGTGACTGGAGTTCAGACGTGTGCTCTTCCGATCT
A20,R28436-CGTTGTTCGTTC,CAAGCAGAAGACGGCATACGAGATCGTTGTTCGTTCGTGACTGGAGTTCAGACGTGTGCTCTTCCGATCT
A21,R28437-CGAGACATGCTT,CAAGCAGAAGACGGCATACGAGATCGAGACATGCTTGTGACTGGAGTTCAGACGTGTGCTCTTCCGATCT
A22,R28438-TAGGACATGACC,CAAGCAGAAGACGGCATACGAGATTAGGACATGACCGTGACTGGAGTTCAGACGTGTGCTCTTCCGATCT
A23,R28439-TAGTGGTGTCGA,CAAGCAGAAGACGGCATACGAGATTAGTGGTGTCGAGTGACTGGAGTTCAGACGTGTGCTCTTCCGATCT
A24,R28440-CAACAGTGGTTG,CAAGCAGAAGACGGCATACGAGATCAACAGTGGTTGGTGACTGGAGTTCAGACGTGTGCTCTTCCGATCT
B1,R28441-CATCAGTACCTG,CAAGCAGAAGACGGCATACGAGATCATCAGTACCTGGTGACTGGAGTTCAGACGTGTGCTCTTCCGATCT
B2,R28442-TAGAGGTTGAGC,CAAGCAGAAGACGGCATACGAGATTAGAGGTTGAGCGTGACTGGAGTTCAGACGTGTGCTCTTCCGATCT
B3,R28443-CTGTCAAGGAAG,CAAGCAGAAGACGGCATACGAGATCTGTCAAGGAAGGTGACTGGAGTTCAGACGTGTGCTCTTCCGATCT
B4,R28444-GCTACGTACAGT,CAAGCAGAAGACGGCATACGAGATGCTACGTACAGTGTGACTGGAGTTCAGACGTGTGCTCTTCCGATCT
B5,R28445-TGGTACAGTAGT,CAAGCAGAAGACGGCATACGAGATTGGTACAGTAGTGTGACTGGAGTTCAGACGTGTGCTCTTCCGATCT
B6,R28446-TGACCAACGTTC,CAAGCAGAAGACGGCATACGAGATTGACCAACGTTCGTGACTGGAGTTCAGACGTGTGCTCTTCCGATCT
B7,R28447-TTGACGAACGTC,CAAGCAGAAGACGGCATACGAGATTTGACGAACGTCGTGACTGGAGTTCAGACGTGTGCTCTTCCGATCT
B8,R28448-CCTTCTAGTTGG,CAAGCAGAAGACGGCATACGAGATCCTTCTAGTTGGGTGACTGGAGTTCAGACGTGTGCTCTTCCGATCT
B9,R28449-CTAGAAGGTCTC,CAAGCAGAAGACGGCATACGAGATCTAGAAGGTCTCGTGACTGGAGTTCAGACGTGTGCTCTTCCGATCT
B10,R28450-ACTTCCAAGGAG,CAAGCAGAAGACGGCATACGAGATACTTCCAAGGAGGTGACTGGAGTTCAGACGTGTGCTCTTCCGATCT
B11,R28451-TCATCGTAGCAC,CAAGCAGAAGACGGCATACGAGATTCATCGTAGCACGTGACTGGAGTTCAGACGTGTGCTCTTCCGATCT
B12,R28452-TTCTCAGACACG,CAAGCAGAAGACGGCATACGAGATTTCTCAGACACGGTGACTGGAGTTCAGACGTGTGCTCTTCCGATCT
B13,R28453-CTGTACTCACTA,CAAGCAGAAGACGGCATACGAGATCTGTACTCACTAGTGACTGGAGTTCAGACGTGTGCTCTTCCGATCT
B14,R28454-ACCTAGAAGTAG,CAAGCAGAAGACGGCATACGAGATACCTAGAAGTAGGTGACTGGAGTTCAGACGTGTGCTCTTCCGATCT
B15,R28455-GACTCAGCTTGA,CAAGCAGAAGACGGCATACGAGATGACTCAGCTTGAGTGACTGGAGTTCAGACGTGTGCTCTTCCGATCT
B16,R28456-AAGCAACACGAG,CAAGCAGAAGACGGCATACGAGATAAGCAACACGAGGTGACTGGAGTTCAGACGTGTGCTCTTCCGATCT
B17,R28457-ATCGACTGACCA,CAAGCAGAAGACGGCATACGAGATATCGACTGACCAGTGACTGGAGTTCAGACGTGTGCTCTTCCGATCT
B18,R28458-TGAGTGGATGTG,CAAGCAGAAGACGGCATACGAGATTGAGTGGATGTGGTGACTGGAGTTCAGACGTGTGCTCTTCCGATCT
B19,R28459-ATCGTGCACAAC,CAAGCAGAAGACGGCATACGAGATATCGTGCACAACGTGACTGGAGTTCAGACGTGTGCTCTTCCGATCT
B20,R28460-AGGACTACTCCT,CAAGCAGAAGACGGCATACGAGATAGGACTACTCCTGTGACTGGAGTTCAGACGTGTGCTCTTCCGATCT
B21,R28461-CTCTCTTCTCGA,CAAGCAGAAGACGGCATACGAGATCTCTCTTCTCGAGTGACTGGAGTTCAGACGTGTGCTCTTCCGATCT
B22,R28462-ATGGTCTCCATG,CAAGCAGAAGACGGCATACGAGATATGGTCTCCATGGTGACTGGAGTTCAGACGTGTGCTCTTCCGATCT
B23,R28463-TAGGTGCTAGGT,CAAGCAGAAGACGGCATACGAGATTAGGTGCTAGGTGTGACTGGAGTTCAGACGTGTGCTCTTCCGATCT
B24,R28464-TCAAGCTACTGC,CAAGCAGAAGACGGCATACGAGATTCAAGCTACTGCGTGACTGGAGTTCAGACGTGTGCTCTTCCGATCT
C1,R28465-ATGGACCAACCT,CAAGCAGAAGACGGCATACGAGATATGGACCAACCTGTGACTGGAGTTCAGACGTGTGCTCTTCCGATCT
C2,R28466-GGATGTTGCTAG,CAAGCAGAAGACGGCATACGAGATGGATGTTGCTAGGTGACTGGAGTTCAGACGTGTGCTCTTCCGATCT
C3,R28467-TTCCACCTGCTA,CAAGCAGAAGACGGCATACGAGATTTCCACCTGCTAGTGACTGGAGTTCAGACGTGTGCTCTTCCGATCT
C4,R28468-TACATCCTGCAA,CAAGCAGAAGACGGCATACGAGATTACATCCTGCAAGTGACTGGAGTTCAGACGTGTGCTCTTCCGATCT
C5,R28469-AGTGCATCGATC,CAAGCAGAAGACGGCATACGAGATAGTGCATCGATCGTGACTGGAGTTCAGACGTGTGCTCTTCCGATCT
C6,R28470-TAGACAAGTCTG,CAAGCAGAAGACGGCATACGAGATTAGACAAGTCTGGTGACTGGAGTTCAGACGTGTGCTCTTCCGATCT
C7,R28471-AGGATGTAGTGA,CAAGCAGAAGACGGCATACGAGATAGGATGTAGTGAGTGACTGGAGTTCAGACGTGTGCTCTTCCGATCT
C8,R28472-TAGTGGAAGTCT,CAAGCAGAAGACGGCATACGAGATTAGTGGAAGTCTGTGACTGGAGTTCAGACGTGTGCTCTTCCGATCT
C9,R28473-GAACCAACCAGT,CAAGCAGAAGACGGCATACGAGATGAACCAACCAGTGTGACTGGAGTTCAGACGTGTGCTCTTCCGATCT
C10,R28474-CTGTTGCACTCT,CAAGCAGAAGACGGCATACGAGATCTGTTGCACTCTGTGACTGGAGTTCAGACGTGTGCTCTTCCGATCT
C11,R28475-GACAGTGACACT,CAAGCAGAAGACGGCATACGAGATGACAGTGACACTGTGACTGGAGTTCAGACGTGTGCTCTTCCGATCT
C12,R28476-TGTCCAAGGATC,CAAGCAGAAGACGGCATACGAGATTGTCCAAGGATCGTGACTGGAGTTCAGACGTGTGCTCTTCCGATCT
C13,R28477-CAACACTCGAAG,CAAGCAGAAGACGGCATACGAGATCAACACTCGAAGGTGACTGGAGTTCAGACGTGTGCTCTTCCGATCT
C14,R28478-CCATCAACTGAG,CAAGCAGAAGACGGCATACGAGATCCATCAACTGAGGTGACTGGAGTTCAGACGTGTGCTCTTCCGATCT
C15,R28479-GATGGAACTTCC,CAAGCAGAAGACGGCATACGAGATGATGGAACTTCCGTGACTGGAGTTCAGACGTGTGCTCTTCCGATCT
C16,R28480-CAAGTAGAGATG,CAAGCAGAAGACGGCATACGAGATCAAGTAGAGATGGTGACTGGAGTTCAGACGTGTGCTCTTCCGATCT
C17,R28481-CGAGTCTAGATC,CAAGCAGAAGACGGCATACGAGATCGAGTCTAGATCGTGACTGGAGTTCAGACGTGTGCTCTTCCGATCT
C18,R28482-GTCGTAGCAACT,CAAGCAGAAGACGGCATACGAGATGTCGTAGCAACTGTGACTGGAGTTCAGACGTGTGCTCTTCCGATCT
C19,R28483-ACAAGTGTCAGT,CAAGCAGAAGACGGCATACGAGATACAAGTGTCAGTGTGACTGGAGTTCAGACGTGTGCTCTTCCGATCT
C20,R28484-TAGTTCTCACCT,CAAGCAGAAGACGGCATACGAGATTAGTTCTCACCTGTGACTGGAGTTCAGACGTGTGCTCTTCCGATCT
C21,R28485-GTGTGTACTGTG,CAAGCAGAAGACGGCATACGAGATGTGTGTACTGTGGTGACTGGAGTTCAGACGTGTGCTCTTCCGATCT
C22,R28486-GGAGAGTACTAG,CAAGCAGAAGACGGCATACGAGATGGAGAGTACTAGGTGACTGGAGTTCAGACGTGTGCTCTTCCGATCT
C23,R28487-AGAACACTAGCA,CAAGCAGAAGACGGCATACGAGATAGAACACTAGCAGTGACTGGAGTTCAGACGTGTGCTCTTCCGATCT
C24,R28488-CACCATCACTTG,CAAGCAGAAGACGGCATACGAGATCACCATCACTTGGTGACTGGAGTTCAGACGTGTGCTCTTCCGATCT
D1,R28489-AGGTTCGATGCT,CAAGCAGAAGACGGCATACGAGATAGGTTCGATGCTGTGACTGGAGTTCAGACGTGTGCTCTTCCGATCT
D2,R28490-CTACTGTCTGAG,CAAGCAGAAGACGGCATACGAGATCTACTGTCTGAGGTGACTGGAGTTCAGACGTGTGCTCTTCCGATCT
D3,R28491-TCCAAGGTTCGT,CAAGCAGAAGACGGCATACGAGATTCCAAGGTTCGTGTGACTGGAGTTCAGACGTGTGCTCTTCCGATCT
D4,R28492-CTGGTACTGAGA,CAAGCAGAAGACGGCATACGAGATCTGGTACTGAGAGTGACTGGAGTTCAGACGTGTGCTCTTCCGATCT
D5,R28493-TCAGGAAGCACT,CAAGCAGAAGACGGCATACGAGATTCAGGAAGCACTGTGACTGGAGTTCAGACGTGTGCTCTTCCGATCT
D6,R28494-ACGTACATCCTA,CAAGCAGAAGACGGCATACGAGATACGTACATCCTAGTGACTGGAGTTCAGACGTGTGCTCTTCCGATCT
D7,R28495-CAGTCACTGTAG,CAAGCAGAAGACGGCATACGAGATCAGTCACTGTAGGTGACTGGAGTTCAGACGTGTGCTCTTCCGATCT
D8,R28496-GTTGCTGTTCAG,CAAGCAGAAGACGGCATACGAGATGTTGCTGTTCAGGTGACTGGAGTTCAGACGTGTGCTCTTCCGATCT
D9,R28497-CGTTGTGCATCT,CAAGCAGAAGACGGCATACGAGATCGTTGTGCATCTGTGACTGGAGTTCAGACGTGTGCTCTTCCGATCT
D10,R28498-GAAGTGCATCAA,CAAGCAGAAGACGGCATACGAGATGAAGTGCATCAAGTGACTGGAGTTCAGACGTGTGCTCTTCCGATCT
D11,R28499-TAGTAGGTTCAC,CAAGCAGAAGACGGCATACGAGATTAGTAGGTTCACGTGACTGGAGTTCAGACGTGTGCTCTTCCGATCT
D12,R28500-CAACCAACTCCT,CAAGCAGAAGACGGCATACGAGATCAACCAACTCCTGTGACTGGAGTTCAGACGTGTGCTCTTCCGATCT
D13,R28501-CTAGCTGCACAT,CAAGCAGAAGACGGCATACGAGATCTAGCTGCACATGTGACTGGAGTTCAGACGTGTGCTCTTCCGATCT
D14,R28502-AGGTGATCTAGA,CAAGCAGAAGACGGCATACGAGATAGGTGATCTAGAGTGACTGGAGTTCAGACGTGTGCTCTTCCGATCT
D15,R28503-GTGACTGAAGGT,CAAGCAGAAGACGGCATACGAGATGTGACTGAAGGTGTGACTGGAGTTCAGACGTGTGCTCTTCCGATCT
D16,R28504-CGTTGGTCAACT,CAAGCAGAAGACGGCATACGAGATCGTTGGTCAACTGTGACTGGAGTTCAGACGTGTGCTCTTCCGATCT
D17,R28505-TCTTGTTGCAAG,CAAGCAGAAGACGGCATACGAGATTCTTGTTGCAAGGTGACTGGAGTTCAGACGTGTGCTCTTCCGATCT
D18,R28506-ATCCAGCTAGGT,CAAGCAGAAGACGGCATACGAGATATCCAGCTAGGTGTGACTGGAGTTCAGACGTGTGCTCTTCCGATCT
D19,R28507-GTGCACTACCTT,CAAGCAGAAGACGGCATACGAGATGTGCACTACCTTGTGACTGGAGTTCAGACGTGTGCTCTTCCGATCT
D20,R28508-GAACAACACTGT,CAAGCAGAAGACGGCATACGAGATGAACAACACTGTGTGACTGGAGTTCAGACGTGTGCTCTTCCGATCT
D21,R28509-AACGATGGTGTC,CAAGCAGAAGACGGCATACGAGATAACGATGGTGTCGTGACTGGAGTTCAGACGTGTGCTCTTCCGATCT
D22,R28510-TAGTGATGCTCC,CAAGCAGAAGACGGCATACGAGATTAGTGATGCTCCGTGACTGGAGTTCAGACGTGTGCTCTTCCGATCT
D23,R28511-CTAGTGCACGAT,CAAGCAGAAGACGGCATACGAGATCTAGTGCACGATGTGACTGGAGTTCAGACGTGTGCTCTTCCGATCT
D24,R28512-TTGAGAGCAAGC,CAAGCAGAAGACGGCATACGAGATTTGAGAGCAAGCGTGACTGGAGTTCAGACGTGTGCTCTTCCGATCT
E1,R28513-TAGAGTACATGG,CAAGCAGAAGACGGCATACGAGATTAGAGTACATGGGTGACTGGAGTTCAGACGTGTGCTCTTCCGATCT
E2,R28514-ACGATGTGGAGT,CAAGCAGAAGACGGCATACGAGATACGATGTGGAGTGTGACTGGAGTTCAGACGTGTGCTCTTCCGATCT
E3,R28515-CGAGAACTGTAG,CAAGCAGAAGACGGCATACGAGATCGAGAACTGTAGGTGACTGGAGTTCAGACGTGTGCTCTTCCGATCT
E4,R28516-AAGGTGATCCTT,CAAGCAGAAGACGGCATACGAGATAAGGTGATCCTTGTGACTGGAGTTCAGACGTGTGCTCTTCCGATCT
E5,R28517-GAGTGACATCCT,CAAGCAGAAGACGGCATACGAGATGAGTGACATCCTGTGACTGGAGTTCAGACGTGTGCTCTTCCGATCT
E6,R28518-GTGTTCGTCTGA,CAAGCAGAAGACGGCATACGAGATGTGTTCGTCTGAGTGACTGGAGTTCAGACGTGTGCTCTTCCGATCT
E7,R28519-TCTGAACCAGTC,CAAGCAGAAGACGGCATACGAGATTCTGAACCAGTCGTGACTGGAGTTCAGACGTGTGCTCTTCCGATCT
E8,R28520-TAGAAGGTAGAG,CAAGCAGAAGACGGCATACGAGATTAGAAGGTAGAGGTGACTGGAGTTCAGACGTGTGCTCTTCCGATCT
E9,R28521-TAGCAGTCCTAG,CAAGCAGAAGACGGCATACGAGATTAGCAGTCCTAGGTGACTGGAGTTCAGACGTGTGCTCTTCCGATCT
E10,R28522-AGAAGAGGAAGT,CAAGCAGAAGACGGCATACGAGATAGAAGAGGAAGTGTGACTGGAGTTCAGACGTGTGCTCTTCCGATCT
E11,R28523-TTCGATGTCTGA,CAAGCAGAAGACGGCATACGAGATTTCGATGTCTGAGTGACTGGAGTTCAGACGTGTGCTCTTCCGATCT
E12,R28524-GAGTTGCACCAA,CAAGCAGAAGACGGCATACGAGATGAGTTGCACCAAGTGACTGGAGTTCAGACGTGTGCTCTTCCGATCT
E13,R28525-AAGGACTCATGC,CAAGCAGAAGACGGCATACGAGATAAGGACTCATGCGTGACTGGAGTTCAGACGTGTGCTCTTCCGATCT
E14,R28526-AAGGTAGAGCAT,CAAGCAGAAGACGGCATACGAGATAAGGTAGAGCATGTGACTGGAGTTCAGACGTGTGCTCTTCCGATCT
E15,R28527-AAGTAGTGCACG,CAAGCAGAAGACGGCATACGAGATAAGTAGTGCACGGTGACTGGAGTTCAGACGTGTGCTCTTCCGATCT
E16,R28528-TTCCTTCGTCTA,CAAGCAGAAGACGGCATACGAGATTTCCTTCGTCTAGTGACTGGAGTTCAGACGTGTGCTCTTCCGATCT
E17,R28529-ACAACCAAGTGA,CAAGCAGAAGACGGCATACGAGATACAACCAAGTGAGTGACTGGAGTTCAGACGTGTGCTCTTCCGATCT
E18,R28530-AGGTCGACATGT,CAAGCAGAAGACGGCATACGAGATAGGTCGACATGTGTGACTGGAGTTCAGACGTGTGCTCTTCCGATCT
E19,R28531-GGAGAAGGTTCT,CAAGCAGAAGACGGCATACGAGATGGAGAAGGTTCTGTGACTGGAGTTCAGACGTGTGCTCTTCCGATCT
E20,R28532-GTTCTCACTCCA,CAAGCAGAAGACGGCATACGAGATGTTCTCACTCCAGTGACTGGAGTTCAGACGTGTGCTCTTCCGATCT
E21,R28533-AGGTGAGAAGTT,CAAGCAGAAGACGGCATACGAGATAGGTGAGAAGTTGTGACTGGAGTTCAGACGTGTGCTCTTCCGATCT
E22,R28534-TGCTCACATGTG,CAAGCAGAAGACGGCATACGAGATTGCTCACATGTGGTGACTGGAGTTCAGACGTGTGCTCTTCCGATCT
E23,R28535-GATCGATCGTTC,CAAGCAGAAGACGGCATACGAGATGATCGATCGTTCGTGACTGGAGTTCAGACGTGTGCTCTTCCGATCT
E24,R28536-TCCATCTCAACG,CAAGCAGAAGACGGCATACGAGATTCCATCTCAACGGTGACTGGAGTTCAGACGTGTGCTCTTCCGATCT
F1,R28537-GGTACACAAGCT,CAAGCAGAAGACGGCATACGAGATGGTACACAAGCTGTGACTGGAGTTCAGACGTGTGCTCTTCCGATCT
F2,R28538-CTAGCATCACAG,CAAGCAGAAGACGGCATACGAGATCTAGCATCACAGGTGACTGGAGTTCAGACGTGTGCTCTTCCGATCT
F3,R28539-GTTCAGCAAGTG,CAAGCAGAAGACGGCATACGAGATGTTCAGCAAGTGGTGACTGGAGTTCAGACGTGTGCTCTTCCGATCT
F4,R28540-TACTACATCTCC,CAAGCAGAAGACGGCATACGAGATTACTACATCTCCGTGACTGGAGTTCAGACGTGTGCTCTTCCGATCT
F5,R28541-ACTGAGTGTGTG,CAAGCAGAAGACGGCATACGAGATACTGAGTGTGTGGTGACTGGAGTTCAGACGTGTGCTCTTCCGATCT
F6,R28542-TGCAAGTCAGCT,CAAGCAGAAGACGGCATACGAGATTGCAAGTCAGCTGTGACTGGAGTTCAGACGTGTGCTCTTCCGATCT
F7,R28543-GGTACTACGAGT,CAAGCAGAAGACGGCATACGAGATGGTACTACGAGTGTGACTGGAGTTCAGACGTGTGCTCTTCCGATCT
F8,R28544-TGCTCACCTAGA,CAAGCAGAAGACGGCATACGAGATTGCTCACCTAGAGTGACTGGAGTTCAGACGTGTGCTCTTCCGATCT
F9,R28545-ACCTTGAGTCTC,CAAGCAGAAGACGGCATACGAGATACCTTGAGTCTCGTGACTGGAGTTCAGACGTGTGCTCTTCCGATCT
F10,R28546-TTCTCACAGTAG,CAAGCAGAAGACGGCATACGAGATTTCTCACAGTAGGTGACTGGAGTTCAGACGTGTGCTCTTCCGATCT
F11,R28547-TGTTCTGTGTCG,CAAGCAGAAGACGGCATACGAGATTGTTCTGTGTCGGTGACTGGAGTTCAGACGTGTGCTCTTCCGATCT
F12,R28548-TGATCGAACGTT,CAAGCAGAAGACGGCATACGAGATTGATCGAACGTTGTGACTGGAGTTCAGACGTGTGCTCTTCCGATCT
F13,R28549-AGATGCTGTGAC,CAAGCAGAAGACGGCATACGAGATAGATGCTGTGACGTGACTGGAGTTCAGACGTGTGCTCTTCCGATCT
F14,R28550-CCTTGTAGGTCA,CAAGCAGAAGACGGCATACGAGATCCTTGTAGGTCAGTGACTGGAGTTCAGACGTGTGCTCTTCCGATCT
F15,R28551-AACCTGTGTCCA,CAAGCAGAAGACGGCATACGAGATAACCTGTGTCCAGTGACTGGAGTTCAGACGTGTGCTCTTCCGATCT
F16,R28552-TCGATGTCATGT,CAAGCAGAAGACGGCATACGAGATTCGATGTCATGTGTGACTGGAGTTCAGACGTGTGCTCTTCCGATCT
F17,R28553-TCATCTCACGTG,CAAGCAGAAGACGGCATACGAGATTCATCTCACGTGGTGACTGGAGTTCAGACGTGTGCTCTTCCGATCT
F18,R28554-CTTCATCTGCTA,CAAGCAGAAGACGGCATACGAGATCTTCATCTGCTAGTGACTGGAGTTCAGACGTGTGCTCTTCCGATCT
F19,R28555-AGTACGTGCACA,CAAGCAGAAGACGGCATACGAGATAGTACGTGCACAGTGACTGGAGTTCAGACGTGTGCTCTTCCGATCT
F20,R28556-AGAACTCGAACG,CAAGCAGAAGACGGCATACGAGATAGAACTCGAACGGTGACTGGAGTTCAGACGTGTGCTCTTCCGATCT
F21,R28557-ACTTCGACTGCA,CAAGCAGAAGACGGCATACGAGATACTTCGACTGCAGTGACTGGAGTTCAGACGTGTGCTCTTCCGATCT
F22,R28558-TCCACAGTCTCA,CAAGCAGAAGACGGCATACGAGATTCCACAGTCTCAGTGACTGGAGTTCAGACGTGTGCTCTTCCGATCT
F23,R28559-TACTCACACAGC,CAAGCAGAAGACGGCATACGAGATTACTCACACAGCGTGACTGGAGTTCAGACGTGTGCTCTTCCGATCT
F24,R28560-GAACGTACTGTG,CAAGCAGAAGACGGCATACGAGATGAACGTACTGTGGTGACTGGAGTTCAGACGTGTGCTCTTCCGATCT
G1,R28561-AGCTCAACAACA,CAAGCAGAAGACGGCATACGAGATAGCTCAACAACAGTGACTGGAGTTCAGACGTGTGCTCTTCCGATCT
G2,R28562-GAGATGCATGCT,CAAGCAGAAGACGGCATACGAGATGAGATGCATGCTGTGACTGGAGTTCAGACGTGTGCTCTTCCGATCT
G3,R28563-ACGACCTTGATC,CAAGCAGAAGACGGCATACGAGATACGACCTTGATCGTGACTGGAGTTCAGACGTGTGCTCTTCCGATCT
G4,R28564-ACTTCCATCTCC,CAAGCAGAAGACGGCATACGAGATACTTCCATCTCCGTGACTGGAGTTCAGACGTGTGCTCTTCCGATCT
G5,R28565-CAGCTGTAGTAG,CAAGCAGAAGACGGCATACGAGATCAGCTGTAGTAGGTGACTGGAGTTCAGACGTGTGCTCTTCCGATCT
G6,R28566-GACAACTTGGTT,CAAGCAGAAGACGGCATACGAGATGACAACTTGGTTGTGACTGGAGTTCAGACGTGTGCTCTTCCGATCT
G7,R28567-ACAACGTACATC,CAAGCAGAAGACGGCATACGAGATACAACGTACATCGTGACTGGAGTTCAGACGTGTGCTCTTCCGATCT
G8,R28568-CGTTCATGACTC,CAAGCAGAAGACGGCATACGAGATCGTTCATGACTCGTGACTGGAGTTCAGACGTGTGCTCTTCCGATCT
G9,R28569-CAACTGAGCTCT,CAAGCAGAAGACGGCATACGAGATCAACTGAGCTCTGTGACTGGAGTTCAGACGTGTGCTCTTCCGATCT
G10,R28570-GACATCACGTTG,CAAGCAGAAGACGGCATACGAGATGACATCACGTTGGTGACTGGAGTTCAGACGTGTGCTCTTCCGATCT
G11,R28571-TTCAGTGGTACC,CAAGCAGAAGACGGCATACGAGATTTCAGTGGTACCGTGACTGGAGTTCAGACGTGTGCTCTTCCGATCT
G12,R28572-AGACGTAGAAGT,CAAGCAGAAGACGGCATACGAGATAGACGTAGAAGTGTGACTGGAGTTCAGACGTGTGCTCTTCCGATCT
G13,R28573-CTTCAGTGTCCA,CAAGCAGAAGACGGCATACGAGATCTTCAGTGTCCAGTGACTGGAGTTCAGACGTGTGCTCTTCCGATCT
G14,R28574-CAAGAGATCACA,CAAGCAGAAGACGGCATACGAGATCAAGAGATCACAGTGACTGGAGTTCAGACGTGTGCTCTTCCGATCT
G15,R28575-AACAGTGTAGTG,CAAGCAGAAGACGGCATACGAGATAACAGTGTAGTGGTGACTGGAGTTCAGACGTGTGCTCTTCCGATCT
G16,R28576-GGTTGGTACACA,CAAGCAGAAGACGGCATACGAGATGGTTGGTACACAGTGACTGGAGTTCAGACGTGTGCTCTTCCGATCT
G17,R28577-AGACAAGAGTCT,CAAGCAGAAGACGGCATACGAGATAGACAAGAGTCTGTGACTGGAGTTCAGACGTGTGCTCTTCCGATCT
G18,R28578-ACTTGATCCAGC,CAAGCAGAAGACGGCATACGAGATACTTGATCCAGCGTGACTGGAGTTCAGACGTGTGCTCTTCCGATCT
G19,R28579-GAGTTGTCCTCA,CAAGCAGAAGACGGCATACGAGATGAGTTGTCCTCAGTGACTGGAGTTCAGACGTGTGCTCTTCCGATCT
G20,R28580-AAGGTTGCACAT,CAAGCAGAAGACGGCATACGAGATAAGGTTGCACATGTGACTGGAGTTCAGACGTGTGCTCTTCCGATCT
G21,R28581-TGAACGTGTCGT,CAAGCAGAAGACGGCATACGAGATTGAACGTGTCGTGTGACTGGAGTTCAGACGTGTGCTCTTCCGATCT
G22,R28582-ACTACACCTAGA,CAAGCAGAAGACGGCATACGAGATACTACACCTAGAGTGACTGGAGTTCAGACGTGTGCTCTTCCGATCT
G23,R28583-CACGAGATGTGA,CAAGCAGAAGACGGCATACGAGATCACGAGATGTGAGTGACTGGAGTTCAGACGTGTGCTCTTCCGATCT
G24,R28584-TCTGAGAAGGAA,CAAGCAGAAGACGGCATACGAGATTCTGAGAAGGAAGTGACTGGAGTTCAGACGTGTGCTCTTCCGATCT
H1,R28585-ACTCCACTCATG,CAAGCAGAAGACGGCATACGAGATACTCCACTCATGGTGACTGGAGTTCAGACGTGTGCTCTTCCGATCT
H2,R28586-AACCACACCTTC,CAAGCAGAAGACGGCATACGAGATAACCACACCTTCGTGACTGGAGTTCAGACGTGTGCTCTTCCGATCT
H3,R28587-GTGTTGGTTCTA,CAAGCAGAAGACGGCATACGAGATGTGTTGGTTCTAGTGACTGGAGTTCAGACGTGTGCTCTTCCGATCT
H4,R28588-CCACATCTGAAC,CAAGCAGAAGACGGCATACGAGATCCACATCTGAACGTGACTGGAGTTCAGACGTGTGCTCTTCCGATCT
H5,R28589-ATGGTCACTACA,CAAGCAGAAGACGGCATACGAGATATGGTCACTACAGTGACTGGAGTTCAGACGTGTGCTCTTCCGATCT
H6,R28590-TCACCAACCAAC,CAAGCAGAAGACGGCATACGAGATTCACCAACCAACGTGACTGGAGTTCAGACGTGTGCTCTTCCGATCT
H7,R28591-GAAGAGTAGTGG,CAAGCAGAAGACGGCATACGAGATGAAGAGTAGTGGGTGACTGGAGTTCAGACGTGTGCTCTTCCGATCT
H8,R28592-TCGTTCACTCAT,CAAGCAGAAGACGGCATACGAGATTCGTTCACTCATGTGACTGGAGTTCAGACGTGTGCTCTTCCGATCT
H9,R28593-AGTGTCCAGATG,CAAGCAGAAGACGGCATACGAGATAGTGTCCAGATGGTGACTGGAGTTCAGACGTGTGCTCTTCCGATCT
H10,R28594-TGTCGAACCATG,CAAGCAGAAGACGGCATACGAGATTGTCGAACCATGGTGACTGGAGTTCAGACGTGTGCTCTTCCGATCT
H11,R28595-TCGAACTCATCA,CAAGCAGAAGACGGCATACGAGATTCGAACTCATCAGTGACTGGAGTTCAGACGTGTGCTCTTCCGATCT
H12,R28596-GATCACCTAGAA,CAAGCAGAAGACGGCATACGAGATGATCACCTAGAAGTGACTGGAGTTCAGACGTGTGCTCTTCCGATCT
H13,R28597-TGTACAAGTCCA,CAAGCAGAAGACGGCATACGAGATTGTACAAGTCCAGTGACTGGAGTTCAGACGTGTGCTCTTCCGATCT
H14,R28598-GTAGAGGAAGTC,CAAGCAGAAGACGGCATACGAGATGTAGAGGAAGTCGTGACTGGAGTTCAGACGTGTGCTCTTCCGATCT
H15,R28599-TTCGTCGAGCAA,CAAGCAGAAGACGGCATACGAGATTTCGTCGAGCAAGTGACTGGAGTTCAGACGTGTGCTCTTCCGATCT
H16,R28600-TCCATGACATGA,CAAGCAGAAGACGGCATACGAGATTCCATGACATGAGTGACTGGAGTTCAGACGTGTGCTCTTCCGATCT
H17,R28601-CAAGCTAGCTCA,CAAGCAGAAGACGGCATACGAGATCAAGCTAGCTCAGTGACTGGAGTTCAGACGTGTGCTCTTCCGATCT
H18,R28602-TCCAGAGAACGA,CAAGCAGAAGACGGCATACGAGATTCCAGAGAACGAGTGACTGGAGTTCAGACGTGTGCTCTTCCGATCT
H19,R28603-CAAGATCATCGA,CAAGCAGAAGACGGCATACGAGATCAAGATCATCGAGTGACTGGAGTTCAGACGTGTGCTCTTCCGATCT
H20,R28604-GAGGTACATCTC,CAAGCAGAAGACGGCATACGAGATGAGGTACATCTCGTGACTGGAGTTCAGACGTGTGCTCTTCCGATCT
H21,R28605-CTAGCATGCAAG,CAAGCAGAAGACGGCATACGAGATCTAGCATGCAAGGTGACTGGAGTTCAGACGTGTGCTCTTCCGATCT
H22,R28606-ATCAGCATGGTC,CAAGCAGAAGACGGCATACGAGATATCAGCATGGTCGTGACTGGAGTTCAGACGTGTGCTCTTCCGATCT
H23,R28607-CGTTGAGGTGAA,CAAGCAGAAGACGGCATACGAGATCGTTGAGGTGAAGTGACTGGAGTTCAGACGTGTGCTCTTCCGATCT
H24,R28608-CTGGAAGTGACA,CAAGCAGAAGACGGCATACGAGATCTGGAAGTGACAGTGACTGGAGTTCAGACGTGTGCTCTTCCGATCT
I1,R28609-AGAGGTCTTCCT,CAAGCAGAAGACGGCATACGAGATAGAGGTCTTCCTGTGACTGGAGTTCAGACGTGTGCTCTTCCGATCT
I2,R28610-AGTCTGTCTGTA,CAAGCAGAAGACGGCATACGAGATAGTCTGTCTGTAGTGACTGGAGTTCAGACGTGTGCTCTTCCGATCT
I3,R28611-TAGTGAACGTAC,CAAGCAGAAGACGGCATACGAGATTAGTGAACGTACGTGACTGGAGTTCAGACGTGTGCTCTTCCGATCT
I4,R28612-TTCTCCTGTACT,CAAGCAGAAGACGGCATACGAGATTTCTCCTGTACTGTGACTGGAGTTCAGACGTGTGCTCTTCCGATCT
I5,R28613-TTGTTCAAGTCG,CAAGCAGAAGACGGCATACGAGATTTGTTCAAGTCGGTGACTGGAGTTCAGACGTGTGCTCTTCCGATCT
I6,R28614-CGACAGAACGTA,CAAGCAGAAGACGGCATACGAGATCGACAGAACGTAGTGACTGGAGTTCAGACGTGTGCTCTTCCGATCT
I7,R28615-ACATGTAGATCC,CAAGCAGAAGACGGCATACGAGATACATGTAGATCCGTGACTGGAGTTCAGACGTGTGCTCTTCCGATCT
I8,R28616-AAGTCGATGTGA,CAAGCAGAAGACGGCATACGAGATAAGTCGATGTGAGTGACTGGAGTTCAGACGTGTGCTCTTCCGATCT
I9,R28617-CATCCATGTAGT,CAAGCAGAAGACGGCATACGAGATCATCCATGTAGTGTGACTGGAGTTCAGACGTGTGCTCTTCCGATCT
I10,R28618-CAACGATCACGT,CAAGCAGAAGACGGCATACGAGATCAACGATCACGTGTGACTGGAGTTCAGACGTGTGCTCTTCCGATCT
I11,R28619-GTTCAAGGTCGT,CAAGCAGAAGACGGCATACGAGATGTTCAAGGTCGTGTGACTGGAGTTCAGACGTGTGCTCTTCCGATCT
I12,R28620-AACTAGGACGAG,CAAGCAGAAGACGGCATACGAGATAACTAGGACGAGGTGACTGGAGTTCAGACGTGTGCTCTTCCGATCT
I13,R28621-TACGAACCTCCT,CAAGCAGAAGACGGCATACGAGATTACGAACCTCCTGTGACTGGAGTTCAGACGTGTGCTCTTCCGATCT
I14,R28622-CGTGAGAAGACT,CAAGCAGAAGACGGCATACGAGATCGTGAGAAGACTGTGACTGGAGTTCAGACGTGTGCTCTTCCGATCT
I15,R28623-TCGTTGTGCAGA,CAAGCAGAAGACGGCATACGAGATTCGTTGTGCAGAGTGACTGGAGTTCAGACGTGTGCTCTTCCGATCT
I16,R28624-TCTCTGAAGTGA,CAAGCAGAAGACGGCATACGAGATTCTCTGAAGTGAGTGACTGGAGTTCAGACGTGTGCTCTTCCGATCT
I17,R28625-CACTGTCCACTT,CAAGCAGAAGACGGCATACGAGATCACTGTCCACTTGTGACTGGAGTTCAGACGTGTGCTCTTCCGATCT
I18,R28626-CTTGCTCTCCTA,CAAGCAGAAGACGGCATACGAGATCTTGCTCTCCTAGTGACTGGAGTTCAGACGTGTGCTCTTCCGATCT
I19,R28627-ATCTCTTGGTTC,CAAGCAGAAGACGGCATACGAGATATCTCTTGGTTCGTGACTGGAGTTCAGACGTGTGCTCTTCCGATCT
I20,R28628-TCCAGCTGTTGT,CAAGCAGAAGACGGCATACGAGATTCCAGCTGTTGTGTGACTGGAGTTCAGACGTGTGCTCTTCCGATCT
I21,R28629-ACCTACCAAGAG,CAAGCAGAAGACGGCATACGAGATACCTACCAAGAGGTGACTGGAGTTCAGACGTGTGCTCTTCCGATCT
I22,R28630-ACCTCTCCAGTT,CAAGCAGAAGACGGCATACGAGATACCTCTCCAGTTGTGACTGGAGTTCAGACGTGTGCTCTTCCGATCT
I23,R28631-AGAGATCACTAG,CAAGCAGAAGACGGCATACGAGATAGAGATCACTAGGTGACTGGAGTTCAGACGTGTGCTCTTCCGATCT
I24,R28632-CGAACTGTAGGA,CAAGCAGAAGACGGCATACGAGATCGAACTGTAGGAGTGACTGGAGTTCAGACGTGTGCTCTTCCGATCT
J1,R28633-CATCACTCTGCA,CAAGCAGAAGACGGCATACGAGATCATCACTCTGCAGTGACTGGAGTTCAGACGTGTGCTCTTCCGATCT
J2,R28634-ATGACTAGGAGG,CAAGCAGAAGACGGCATACGAGATATGACTAGGAGGGTGACTGGAGTTCAGACGTGTGCTCTTCCGATCT
J3,R28635-ACGAAGTCTGCT,CAAGCAGAAGACGGCATACGAGATACGAAGTCTGCTGTGACTGGAGTTCAGACGTGTGCTCTTCCGATCT
J4,R28636-CATCCTGTTCTG,CAAGCAGAAGACGGCATACGAGATCATCCTGTTCTGGTGACTGGAGTTCAGACGTGTGCTCTTCCGATCT
J5,R28637-CAGGTTCAGTAG,CAAGCAGAAGACGGCATACGAGATCAGGTTCAGTAGGTGACTGGAGTTCAGACGTGTGCTCTTCCGATCT
J6,R28638-TACAGAGGTACT,CAAGCAGAAGACGGCATACGAGATTACAGAGGTACTGTGACTGGAGTTCAGACGTGTGCTCTTCCGATCT
J7,R28639-TACGTGCTCTAC,CAAGCAGAAGACGGCATACGAGATTACGTGCTCTACGTGACTGGAGTTCAGACGTGTGCTCTTCCGATCT
J8,R28640-ATGACAACACGA,CAAGCAGAAGACGGCATACGAGATATGACAACACGAGTGACTGGAGTTCAGACGTGTGCTCTTCCGATCT
J9,R28641-TTGTTCGAGCAG,CAAGCAGAAGACGGCATACGAGATTTGTTCGAGCAGGTGACTGGAGTTCAGACGTGTGCTCTTCCGATCT
J10,R28642-ACACTACACTTG,CAAGCAGAAGACGGCATACGAGATACACTACACTTGGTGACTGGAGTTCAGACGTGTGCTCTTCCGATCT
J11,R28643-AACTCGTTCCTA,CAAGCAGAAGACGGCATACGAGATAACTCGTTCCTAGTGACTGGAGTTCAGACGTGTGCTCTTCCGATCT
J12,R28644-AACCTTGTGCAT,CAAGCAGAAGACGGCATACGAGATAACCTTGTGCATGTGACTGGAGTTCAGACGTGTGCTCTTCCGATCT
J13,R28645-ACACTACTAGGA,CAAGCAGAAGACGGCATACGAGATACACTACTAGGAGTGACTGGAGTTCAGACGTGTGCTCTTCCGATCT
J14,R28646-CAAGGTCTTCAC,CAAGCAGAAGACGGCATACGAGATCAAGGTCTTCACGTGACTGGAGTTCAGACGTGTGCTCTTCCGATCT
J15,R28647-CTTCTTGGTCGA,CAAGCAGAAGACGGCATACGAGATCTTCTTGGTCGAGTGACTGGAGTTCAGACGTGTGCTCTTCCGATCT
J16,R28648-TGACCTAGAGTT,CAAGCAGAAGACGGCATACGAGATTGACCTAGAGTTGTGACTGGAGTTCAGACGTGTGCTCTTCCGATCT
J17,R28649-CAAGACAACACG,CAAGCAGAAGACGGCATACGAGATCAAGACAACACGGTGACTGGAGTTCAGACGTGTGCTCTTCCGATCT
J18,R28650-GAACGAAGAACC,CAAGCAGAAGACGGCATACGAGATGAACGAAGAACCGTGACTGGAGTTCAGACGTGTGCTCTTCCGATCT
J19,R28651-ATCACTGCAAGC,CAAGCAGAAGACGGCATACGAGATATCACTGCAAGCGTGACTGGAGTTCAGACGTGTGCTCTTCCGATCT
J20,R28652-AACGTGTACACT,CAAGCAGAAGACGGCATACGAGATAACGTGTACACTGTGACTGGAGTTCAGACGTGTGCTCTTCCGATCT
J21,R28653-AGGTCATGGACT,CAAGCAGAAGACGGCATACGAGATAGGTCATGGACTGTGACTGGAGTTCAGACGTGTGCTCTTCCGATCT
J22,R28654-ATGGAGTGTCAC,CAAGCAGAAGACGGCATACGAGATATGGAGTGTCACGTGACTGGAGTTCAGACGTGTGCTCTTCCGATCT
J23,R28655-AACCACGAGAGA,CAAGCAGAAGACGGCATACGAGATAACCACGAGAGAGTGACTGGAGTTCAGACGTGTGCTCTTCCGATCT
J24,R28656-ATCATGGACTTG,CAAGCAGAAGACGGCATACGAGATATCATGGACTTGGTGACTGGAGTTCAGACGTGTGCTCTTCCGATCT
K1,R28657-AGATGTGTCTAG,CAAGCAGAAGACGGCATACGAGATAGATGTGTCTAGGTGACTGGAGTTCAGACGTGTGCTCTTCCGATCT
K2,R28658-AACTCACTCGAA,CAAGCAGAAGACGGCATACGAGATAACTCACTCGAAGTGACTGGAGTTCAGACGTGTGCTCTTCCGATCT
K3,R28659-CAACATCGTACC,CAAGCAGAAGACGGCATACGAGATCAACATCGTACCGTGACTGGAGTTCAGACGTGTGCTCTTCCGATCT
K4,R28660-CAGTTGCATCCA,CAAGCAGAAGACGGCATACGAGATCAGTTGCATCCAGTGACTGGAGTTCAGACGTGTGCTCTTCCGATCT
K5,R28661-ACAGAGGAACTT,CAAGCAGAAGACGGCATACGAGATACAGAGGAACTTGTGACTGGAGTTCAGACGTGTGCTCTTCCGATCT
K6,R28662-GTGAGGAAGACA,CAAGCAGAAGACGGCATACGAGATGTGAGGAAGACAGTGACTGGAGTTCAGACGTGTGCTCTTCCGATCT
K7,R28663-TTGGTAGGATGT,CAAGCAGAAGACGGCATACGAGATTTGGTAGGATGTGTGACTGGAGTTCAGACGTGTGCTCTTCCGATCT
K8,R28664-TGAGGTACCACT,CAAGCAGAAGACGGCATACGAGATTGAGGTACCACTGTGACTGGAGTTCAGACGTGTGCTCTTCCGATCT
K9,R28665-TTGTGAAGAGGA,CAAGCAGAAGACGGCATACGAGATTTGTGAAGAGGAGTGACTGGAGTTCAGACGTGTGCTCTTCCGATCT
K10,R28666-GTAGAGAGTACG,CAAGCAGAAGACGGCATACGAGATGTAGAGAGTACGGTGACTGGAGTTCAGACGTGTGCTCTTCCGATCT
K11,R28667-TTGCTCACCTAG,CAAGCAGAAGACGGCATACGAGATTTGCTCACCTAGGTGACTGGAGTTCAGACGTGTGCTCTTCCGATCT
K12,R28668-TGATGGTTGTGA,CAAGCAGAAGACGGCATACGAGATTGATGGTTGTGAGTGACTGGAGTTCAGACGTGTGCTCTTCCGATCT
K13,R28669-AGTCAACCTGAT,CAAGCAGAAGACGGCATACGAGATAGTCAACCTGATGTGACTGGAGTTCAGACGTGTGCTCTTCCGATCT
K14,R28670-CCTACACATCGT,CAAGCAGAAGACGGCATACGAGATCCTACACATCGTGTGACTGGAGTTCAGACGTGTGCTCTTCCGATCT
K15,R28671-CAGGACTTGAGA,CAAGCAGAAGACGGCATACGAGATCAGGACTTGAGAGTGACTGGAGTTCAGACGTGTGCTCTTCCGATCT
K16,R28672-ATCTGCTACAAC,CAAGCAGAAGACGGCATACGAGATATCTGCTACAACGTGACTGGAGTTCAGACGTGTGCTCTTCCGATCT
K17,R28673-ACCTACGAAGCA,CAAGCAGAAGACGGCATACGAGATACCTACGAAGCAGTGACTGGAGTTCAGACGTGTGCTCTTCCGATCT
K18,R28674-AGGTTGAACAGA,CAAGCAGAAGACGGCATACGAGATAGGTTGAACAGAGTGACTGGAGTTCAGACGTGTGCTCTTCCGATCT
K19,R28675-CATCCATCTACG,CAAGCAGAAGACGGCATACGAGATCATCCATCTACGGTGACTGGAGTTCAGACGTGTGCTCTTCCGATCT
K20,R28676-ACTGATGATCGA,CAAGCAGAAGACGGCATACGAGATACTGATGATCGAGTGACTGGAGTTCAGACGTGTGCTCTTCCGATCT
K21,R28677-TCTCAAGACGAA,CAAGCAGAAGACGGCATACGAGATTCTCAAGACGAAGTGACTGGAGTTCAGACGTGTGCTCTTCCGATCT
K22,R28678-GGTTCGTGTACT,CAAGCAGAAGACGGCATACGAGATGGTTCGTGTACTGTGACTGGAGTTCAGACGTGTGCTCTTCCGATCT
K23,R28679-TCATCTGTCCTG,CAAGCAGAAGACGGCATACGAGATTCATCTGTCCTGGTGACTGGAGTTCAGACGTGTGCTCTTCCGATCT
K24,R28680-TTCGATGTGGAC,CAAGCAGAAGACGGCATACGAGATTTCGATGTGGACGTGACTGGAGTTCAGACGTGTGCTCTTCCGATCT
L1,R28681-TTCAGACAGTGT,CAAGCAGAAGACGGCATACGAGATTTCAGACAGTGTGTGACTGGAGTTCAGACGTGTGCTCTTCCGATCT
L2,R28682-ATGAGGTGAGCT,CAAGCAGAAGACGGCATACGAGATATGAGGTGAGCTGTGACTGGAGTTCAGACGTGTGCTCTTCCGATCT
L3,R28683-AACCTCTGAGTC,CAAGCAGAAGACGGCATACGAGATAACCTCTGAGTCGTGACTGGAGTTCAGACGTGTGCTCTTCCGATCT
L4,R28684-GCAACACTTGAC,CAAGCAGAAGACGGCATACGAGATGCAACACTTGACGTGACTGGAGTTCAGACGTGTGCTCTTCCGATCT
L5,R28685-AGCTACCTTGAT,CAAGCAGAAGACGGCATACGAGATAGCTACCTTGATGTGACTGGAGTTCAGACGTGTGCTCTTCCGATCT
L6,R28686-ATGTACAGTAGC,CAAGCAGAAGACGGCATACGAGATATGTACAGTAGCGTGACTGGAGTTCAGACGTGTGCTCTTCCGATCT
L7,R28687-CAAGATGACCAG,CAAGCAGAAGACGGCATACGAGATCAAGATGACCAGGTGACTGGAGTTCAGACGTGTGCTCTTCCGATCT
L8,R28688-ACTCACCAAGAC,CAAGCAGAAGACGGCATACGAGATACTCACCAAGACGTGACTGGAGTTCAGACGTGTGCTCTTCCGATCT
L9,R28689-ATGTCTAGCTGC,CAAGCAGAAGACGGCATACGAGATATGTCTAGCTGCGTGACTGGAGTTCAGACGTGTGCTCTTCCGATCT
L10,R28690-TCGAAGGATCGA,CAAGCAGAAGACGGCATACGAGATTCGAAGGATCGAGTGACTGGAGTTCAGACGTGTGCTCTTCCGATCT
L11,R28691-AGTCCTGCTGTT,CAAGCAGAAGACGGCATACGAGATAGTCCTGCTGTTGTGACTGGAGTTCAGACGTGTGCTCTTCCGATCT
L12,R28692-CTGATCTCAGTC,CAAGCAGAAGACGGCATACGAGATCTGATCTCAGTCGTGACTGGAGTTCAGACGTGTGCTCTTCCGATCT
L13,R28693-ACAGCAGTTCCT,CAAGCAGAAGACGGCATACGAGATACAGCAGTTCCTGTGACTGGAGTTCAGACGTGTGCTCTTCCGATCT
L14,R28694-GCTACTCCTACT,CAAGCAGAAGACGGCATACGAGATGCTACTCCTACTGTGACTGGAGTTCAGACGTGTGCTCTTCCGATCT
L15,R28695-AGAAGCTCACTA,CAAGCAGAAGACGGCATACGAGATAGAAGCTCACTAGTGACTGGAGTTCAGACGTGTGCTCTTCCGATCT
L16,R28696-ACAACTGAGATG,CAAGCAGAAGACGGCATACGAGATACAACTGAGATGGTGACTGGAGTTCAGACGTGTGCTCTTCCGATCT
L17,R28697-TTCAAGCTACGA,CAAGCAGAAGACGGCATACGAGATTTCAAGCTACGAGTGACTGGAGTTCAGACGTGTGCTCTTCCGATCT
L18,R28698-TGTGTCAGTGGA,CAAGCAGAAGACGGCATACGAGATTGTGTCAGTGGAGTGACTGGAGTTCAGACGTGTGCTCTTCCGATCT
L19,R28699-GAGACGAAGACT,CAAGCAGAAGACGGCATACGAGATGAGACGAAGACTGTGACTGGAGTTCAGACGTGTGCTCTTCCGATCT
L20,R28700-ACAACATGATGC,CAAGCAGAAGACGGCATACGAGATACAACATGATGCGTGACTGGAGTTCAGACGTGTGCTCTTCCGATCT
L21,R28701-TGACTTGGAGAA,CAAGCAGAAGACGGCATACGAGATTGACTTGGAGAAGTGACTGGAGTTCAGACGTGTGCTCTTCCGATCT
L22,R28702-ACGATGGAAGGT,CAAGCAGAAGACGGCATACGAGATACGATGGAAGGTGTGACTGGAGTTCAGACGTGTGCTCTTCCGATCT
L23,R28703-GAGGTAGGACTA,CAAGCAGAAGACGGCATACGAGATGAGGTAGGACTAGTGACTGGAGTTCAGACGTGTGCTCTTCCGATCT
L24,R28704-TCAAGTGTGCTA,CAAGCAGAAGACGGCATACGAGATTCAAGTGTGCTAGTGACTGGAGTTCAGACGTGTGCTCTTCCGATCT
M1,R28705-ACGTGTTGGACA,CAAGCAGAAGACGGCATACGAGATACGTGTTGGACAGTGACTGGAGTTCAGACGTGTGCTCTTCCGATCT
M2,R28706-GACTACCACAAG,CAAGCAGAAGACGGCATACGAGATGACTACCACAAGGTGACTGGAGTTCAGACGTGTGCTCTTCCGATCT
M3,R28707-CAGGTGATGGTT,CAAGCAGAAGACGGCATACGAGATCAGGTGATGGTTGTGACTGGAGTTCAGACGTGTGCTCTTCCGATCT
M4,R28708-CAACCACTGTCT,CAAGCAGAAGACGGCATACGAGATCAACCACTGTCTGTGACTGGAGTTCAGACGTGTGCTCTTCCGATCT
M5,R28709-GTCTAGACAGAG,CAAGCAGAAGACGGCATACGAGATGTCTAGACAGAGGTGACTGGAGTTCAGACGTGTGCTCTTCCGATCT
M6,R28710-AGAACCACTGAG,CAAGCAGAAGACGGCATACGAGATAGAACCACTGAGGTGACTGGAGTTCAGACGTGTGCTCTTCCGATCT
M7,R28711-TCCAGACAGGAA,CAAGCAGAAGACGGCATACGAGATTCCAGACAGGAAGTGACTGGAGTTCAGACGTGTGCTCTTCCGATCT
M8,R28712-TTCGATCACAGG,CAAGCAGAAGACGGCATACGAGATTTCGATCACAGGGTGACTGGAGTTCAGACGTGTGCTCTTCCGATCT
M9,R28713-GTTCTAGTGTCC,CAAGCAGAAGACGGCATACGAGATGTTCTAGTGTCCGTGACTGGAGTTCAGACGTGTGCTCTTCCGATCT
M10,R28714-ATCGACATGCAG,CAAGCAGAAGACGGCATACGAGATATCGACATGCAGGTGACTGGAGTTCAGACGTGTGCTCTTCCGATCT
M11,R28715-GTACGTGACATC,CAAGCAGAAGACGGCATACGAGATGTACGTGACATCGTGACTGGAGTTCAGACGTGTGCTCTTCCGATCT
M12,R28716-CTAGGTGACAAG,CAAGCAGAAGACGGCATACGAGATCTAGGTGACAAGGTGACTGGAGTTCAGACGTGTGCTCTTCCGATCT
M13,R28717-CACTCGTGTACT,CAAGCAGAAGACGGCATACGAGATCACTCGTGTACTGTGACTGGAGTTCAGACGTGTGCTCTTCCGATCT
M14,R28718-TCGATCAGGAAC,CAAGCAGAAGACGGCATACGAGATTCGATCAGGAACGTGACTGGAGTTCAGACGTGTGCTCTTCCGATCT
M15,R28719-TTGGTCTAGTTC,CAAGCAGAAGACGGCATACGAGATTTGGTCTAGTTCGTGACTGGAGTTCAGACGTGTGCTCTTCCGATCT
M16,R28720-CCTAGGAACATG,CAAGCAGAAGACGGCATACGAGATCCTAGGAACATGGTGACTGGAGTTCAGACGTGTGCTCTTCCGATCT
M17,R28721-TGGACTCGACAA,CAAGCAGAAGACGGCATACGAGATTGGACTCGACAAGTGACTGGAGTTCAGACGTGTGCTCTTCCGATCT
M18,R28722-CACTAGAAGCAC,CAAGCAGAAGACGGCATACGAGATCACTAGAAGCACGTGACTGGAGTTCAGACGTGTGCTCTTCCGATCT
M19,R28723-TAGACAAGCAAG,CAAGCAGAAGACGGCATACGAGATTAGACAAGCAAGGTGACTGGAGTTCAGACGTGTGCTCTTCCGATCT
M20,R28724-CCACTAGGAGTA,CAAGCAGAAGACGGCATACGAGATCCACTAGGAGTAGTGACTGGAGTTCAGACGTGTGCTCTTCCGATCT
M21,R28725-ACATGCACACCA,CAAGCAGAAGACGGCATACGAGATACATGCACACCAGTGACTGGAGTTCAGACGTGTGCTCTTCCGATCT
M22,R28726-GTCAAGGTACGT,CAAGCAGAAGACGGCATACGAGATGTCAAGGTACGTGTGACTGGAGTTCAGACGTGTGCTCTTCCGATCT
M23,R28727-AGAGAAGATCCT,CAAGCAGAAGACGGCATACGAGATAGAGAAGATCCTGTGACTGGAGTTCAGACGTGTGCTCTTCCGATCT
M24,R28728-TCTTCGTAGTGA,CAAGCAGAAGACGGCATACGAGATTCTTCGTAGTGAGTGACTGGAGTTCAGACGTGTGCTCTTCCGATCT
N1,R28729-GGACGTAGACTA,CAAGCAGAAGACGGCATACGAGATGGACGTAGACTAGTGACTGGAGTTCAGACGTGTGCTCTTCCGATCT
N2,R28730-TGAGTCTCTAGG,CAAGCAGAAGACGGCATACGAGATTGAGTCTCTAGGGTGACTGGAGTTCAGACGTGTGCTCTTCCGATCT
N3,R28731-ATCCATCCTACA,CAAGCAGAAGACGGCATACGAGATATCCATCCTACAGTGACTGGAGTTCAGACGTGTGCTCTTCCGATCT
N4,R28732-ACAGCATGCTAC,CAAGCAGAAGACGGCATACGAGATACAGCATGCTACGTGACTGGAGTTCAGACGTGTGCTCTTCCGATCT
N5,R28733-AAGGATGTCTTC,CAAGCAGAAGACGGCATACGAGATAAGGATGTCTTCGTGACTGGAGTTCAGACGTGTGCTCTTCCGATCT
N6,R28734-ACCAACTGACTC,CAAGCAGAAGACGGCATACGAGATACCAACTGACTCGTGACTGGAGTTCAGACGTGTGCTCTTCCGATCT
N7,R28735-ACTTCGTGTTCG,CAAGCAGAAGACGGCATACGAGATACTTCGTGTTCGGTGACTGGAGTTCAGACGTGTGCTCTTCCGATCT
N8,R28736-TACAGGTAGACG,CAAGCAGAAGACGGCATACGAGATTACAGGTAGACGGTGACTGGAGTTCAGACGTGTGCTCTTCCGATCT
N9,R28737-CACTAGAGTGGA,CAAGCAGAAGACGGCATACGAGATCACTAGAGTGGAGTGACTGGAGTTCAGACGTGTGCTCTTCCGATCT
N10,R28738-AACAAGTCAAGC,CAAGCAGAAGACGGCATACGAGATAACAAGTCAAGCGTGACTGGAGTTCAGACGTGTGCTCTTCCGATCT
N11,R28739-AAGTGCTTGTGT,CAAGCAGAAGACGGCATACGAGATAAGTGCTTGTGTGTGACTGGAGTTCAGACGTGTGCTCTTCCGATCT
N12,R28740-TCAAGTACTGTC,CAAGCAGAAGACGGCATACGAGATTCAAGTACTGTCGTGACTGGAGTTCAGACGTGTGCTCTTCCGATCT
N13,R28741-AGTGTAGTACCT,CAAGCAGAAGACGGCATACGAGATAGTGTAGTACCTGTGACTGGAGTTCAGACGTGTGCTCTTCCGATCT
N14,R28742-CCAAGGTCACTT,CAAGCAGAAGACGGCATACGAGATCCAAGGTCACTTGTGACTGGAGTTCAGACGTGTGCTCTTCCGATCT
N15,R28743-AGTCTGAAGCTC,CAAGCAGAAGACGGCATACGAGATAGTCTGAAGCTCGTGACTGGAGTTCAGACGTGTGCTCTTCCGATCT
N16,R28744-TCCTCTCAAGCA,CAAGCAGAAGACGGCATACGAGATTCCTCTCAAGCAGTGACTGGAGTTCAGACGTGTGCTCTTCCGATCT
N17,R28745-CTAGATGGAGTG,CAAGCAGAAGACGGCATACGAGATCTAGATGGAGTGGTGACTGGAGTTCAGACGTGTGCTCTTCCGATCT
N18,R28746-GCAACAGTCATG,CAAGCAGAAGACGGCATACGAGATGCAACAGTCATGGTGACTGGAGTTCAGACGTGTGCTCTTCCGATCT
N19,R28747-AGACGACTGTTG,CAAGCAGAAGACGGCATACGAGATAGACGACTGTTGGTGACTGGAGTTCAGACGTGTGCTCTTCCGATCT
N20,R28748-AGAACGTCACAA,CAAGCAGAAGACGGCATACGAGATAGAACGTCACAAGTGACTGGAGTTCAGACGTGTGCTCTTCCGATCT
N21,R28749-ACTTGTACCAGG,CAAGCAGAAGACGGCATACGAGATACTTGTACCAGGGTGACTGGAGTTCAGACGTGTGCTCTTCCGATCT
N22,R28750-AGACGTACCTAC,CAAGCAGAAGACGGCATACGAGATAGACGTACCTACGTGACTGGAGTTCAGACGTGTGCTCTTCCGATCT
N23,R28751-CAAGATCCACTA,CAAGCAGAAGACGGCATACGAGATCAAGATCCACTAGTGACTGGAGTTCAGACGTGTGCTCTTCCGATCT
N24,R28752-TGACCAGTACTG,CAAGCAGAAGACGGCATACGAGATTGACCAGTACTGGTGACTGGAGTTCAGACGTGTGCTCTTCCGATCT
O1,R28753-TAGATCCTCATC,CAAGCAGAAGACGGCATACGAGATTAGATCCTCATCGTGACTGGAGTTCAGACGTGTGCTCTTCCGATCT
O2,R28754-TCTTGTGCTAGA,CAAGCAGAAGACGGCATACGAGATTCTTGTGCTAGAGTGACTGGAGTTCAGACGTGTGCTCTTCCGATCT
O3,R28755-TGAGACTAGTTC,CAAGCAGAAGACGGCATACGAGATTGAGACTAGTTCGTGACTGGAGTTCAGACGTGTGCTCTTCCGATCT
O4,R28756-TGAGTCTGACAA,CAAGCAGAAGACGGCATACGAGATTGAGTCTGACAAGTGACTGGAGTTCAGACGTGTGCTCTTCCGATCT
O5,R28757-ATGAGCATGCTT,CAAGCAGAAGACGGCATACGAGATATGAGCATGCTTGTGACTGGAGTTCAGACGTGTGCTCTTCCGATCT
O6,R28758-GCATGGAAGTTG,CAAGCAGAAGACGGCATACGAGATGCATGGAAGTTGGTGACTGGAGTTCAGACGTGTGCTCTTCCGATCT
O7,R28759-GGAACATGACCA,CAAGCAGAAGACGGCATACGAGATGGAACATGACCAGTGACTGGAGTTCAGACGTGTGCTCTTCCGATCT
O8,R28760-TTCAGAACCAGC,CAAGCAGAAGACGGCATACGAGATTTCAGAACCAGCGTGACTGGAGTTCAGACGTGTGCTCTTCCGATCT
O9,R28761-GCATCATGACTG,CAAGCAGAAGACGGCATACGAGATGCATCATGACTGGTGACTGGAGTTCAGACGTGTGCTCTTCCGATCT
O10,R28762-GTTGGATCTACG,CAAGCAGAAGACGGCATACGAGATGTTGGATCTACGGTGACTGGAGTTCAGACGTGTGCTCTTCCGATCT
O11,R28763-TTGCAAGAGATC,CAAGCAGAAGACGGCATACGAGATTTGCAAGAGATCGTGACTGGAGTTCAGACGTGTGCTCTTCCGATCT
O12,R28764-CACTTGCTTCCT,CAAGCAGAAGACGGCATACGAGATCACTTGCTTCCTGTGACTGGAGTTCAGACGTGTGCTCTTCCGATCT
O13,R28765-TACTGCAGGAGT,CAAGCAGAAGACGGCATACGAGATTACTGCAGGAGTGTGACTGGAGTTCAGACGTGTGCTCTTCCGATCT
O14,R28766-ACACTGGTCGAA,CAAGCAGAAGACGGCATACGAGATACACTGGTCGAAGTGACTGGAGTTCAGACGTGTGCTCTTCCGATCT
O15,R28767-ACAACACCTACC,CAAGCAGAAGACGGCATACGAGATACAACACCTACCGTGACTGGAGTTCAGACGTGTGCTCTTCCGATCT
O16,R28768-TACAGTCGTGCA,CAAGCAGAAGACGGCATACGAGATTACAGTCGTGCAGTGACTGGAGTTCAGACGTGTGCTCTTCCGATCT
O17,R28769-CTACGAGTCACT,CAAGCAGAAGACGGCATACGAGATCTACGAGTCACTGTGACTGGAGTTCAGACGTGTGCTCTTCCGATCT
O18,R28770-TAGCTGACTGAA,CAAGCAGAAGACGGCATACGAGATTAGCTGACTGAAGTGACTGGAGTTCAGACGTGTGCTCTTCCGATCT
O19,R28771-GAGTCTTGAAGC,CAAGCAGAAGACGGCATACGAGATGAGTCTTGAAGCGTGACTGGAGTTCAGACGTGTGCTCTTCCGATCT
O20,R28772-TTCGTAGTCCTG,CAAGCAGAAGACGGCATACGAGATTTCGTAGTCCTGGTGACTGGAGTTCAGACGTGTGCTCTTCCGATCT
O21,R28773-CCACTAGTCTTG,CAAGCAGAAGACGGCATACGAGATCCACTAGTCTTGGTGACTGGAGTTCAGACGTGTGCTCTTCCGATCT
O22,R28774-TCAGCTTGACAC,CAAGCAGAAGACGGCATACGAGATTCAGCTTGACACGTGACTGGAGTTCAGACGTGTGCTCTTCCGATCT
O23,R28775-TGGTGACAACTA,CAAGCAGAAGACGGCATACGAGATTGGTGACAACTAGTGACTGGAGTTCAGACGTGTGCTCTTCCGATCT
O24,R28776-GCTTGAGACTTC,CAAGCAGAAGACGGCATACGAGATGCTTGAGACTTCGTGACTGGAGTTCAGACGTGTGCTCTTCCGATCT
P1,R28777-TGGAGGTACTTG,CAAGCAGAAGACGGCATACGAGATTGGAGGTACTTGGTGACTGGAGTTCAGACGTGTGCTCTTCCGATCT
P2,R28778-ACCAGATGGATG,CAAGCAGAAGACGGCATACGAGATACCAGATGGATGGTGACTGGAGTTCAGACGTGTGCTCTTCCGATCT
P3,R28779-GAACATCGAACA,CAAGCAGAAGACGGCATACGAGATGAACATCGAACAGTGACTGGAGTTCAGACGTGTGCTCTTCCGATCT
P4,R28780-GTCATCCTTCTA,CAAGCAGAAGACGGCATACGAGATGTCATCCTTCTAGTGACTGGAGTTCAGACGTGTGCTCTTCCGATCT
P5,R28781-AGTGTCTCGTAG,CAAGCAGAAGACGGCATACGAGATAGTGTCTCGTAGGTGACTGGAGTTCAGACGTGTGCTCTTCCGATCT
P6,R28782-ACTTGATGGACG,CAAGCAGAAGACGGCATACGAGATACTTGATGGACGGTGACTGGAGTTCAGACGTGTGCTCTTCCGATCT
P7,R28783-GTTCTTCCATCT,CAAGCAGAAGACGGCATACGAGATGTTCTTCCATCTGTGACTGGAGTTCAGACGTGTGCTCTTCCGATCT
P8,R28784-TTCCATCGTCAG,CAAGCAGAAGACGGCATACGAGATTTCCATCGTCAGGTGACTGGAGTTCAGACGTGTGCTCTTCCGATCT
P9,R28785-GGAACAACAGGT,CAAGCAGAAGACGGCATACGAGATGGAACAACAGGTGTGACTGGAGTTCAGACGTGTGCTCTTCCGATCT
P10,R28786-TGCTTGTACTCC,CAAGCAGAAGACGGCATACGAGATTGCTTGTACTCCGTGACTGGAGTTCAGACGTGTGCTCTTCCGATCT
P11,R28787-AAGAGCAGAGCA,CAAGCAGAAGACGGCATACGAGATAAGAGCAGAGCAGTGACTGGAGTTCAGACGTGTGCTCTTCCGATCT
P12,R28788-CATGACAGTACC,CAAGCAGAAGACGGCATACGAGATCATGACAGTACCGTGACTGGAGTTCAGACGTGTGCTCTTCCGATCT
P13,R28789-TACAAGAGTACC,CAAGCAGAAGACGGCATACGAGATTACAAGAGTACCGTGACTGGAGTTCAGACGTGTGCTCTTCCGATCT
P14,R28790-TAGGTTGAACGT,CAAGCAGAAGACGGCATACGAGATTAGGTTGAACGTGTGACTGGAGTTCAGACGTGTGCTCTTCCGATCT
P15,R28791-CAAGCTGGATGT,CAAGCAGAAGACGGCATACGAGATCAAGCTGGATGTGTGACTGGAGTTCAGACGTGTGCTCTTCCGATCT
P16,R28792-GAGAAGCATGTC,CAAGCAGAAGACGGCATACGAGATGAGAAGCATGTCGTGACTGGAGTTCAGACGTGTGCTCTTCCGATCT
P17,R28793-GAACGTGTAGTT,CAAGCAGAAGACGGCATACGAGATGAACGTGTAGTTGTGACTGGAGTTCAGACGTGTGCTCTTCCGATCT
P18,R28794-GAGATCTAGAGT,CAAGCAGAAGACGGCATACGAGATGAGATCTAGAGTGTGACTGGAGTTCAGACGTGTGCTCTTCCGATCT
P19,R28795-CTTCGTGTTCAG,CAAGCAGAAGACGGCATACGAGATCTTCGTGTTCAGGTGACTGGAGTTCAGACGTGTGCTCTTCCGATCT
P20,R28796-GTAGACGTGGTT,CAAGCAGAAGACGGCATACGAGATGTAGACGTGGTTGTGACTGGAGTTCAGACGTGTGCTCTTCCGATCT
P21,R28797-AAGGACCTCTGT,CAAGCAGAAGACGGCATACGAGATAAGGACCTCTGTGTGACTGGAGTTCAGACGTGTGCTCTTCCGATCT
P22,R28798-GGTGACATCTCA,CAAGCAGAAGACGGCATACGAGATGGTGACATCTCAGTGACTGGAGTTCAGACGTGTGCTCTTCCGATCT
P23,R28799-CTACAACCTACG,CAAGCAGAAGACGGCATACGAGATCTACAACCTACGGTGACTGGAGTTCAGACGTGTGCTCTTCCGATCT
P24,R28800-GAACAACCAACT,CAAGCAGAAGACGGCATACGAGATGAACAACCAACTGTGACTGGAGTTCAGACGTGTGCTCTTCCGATCT
